architecture,optimal_sigma,task,implant_type,model_type,accuracy
ConvNeXt Base,8.204616140632437,doorway,12_10,pointy,0.8457618402777778
ConvNeXt Base,8.204616140632437,doorway,12_10,streaky,0.8459753125
ConvNeXt Base,8.204616140632437,doorway,12_20,pointy,0.844425138888889
ConvNeXt Base,8.204616140632437,doorway,12_20,streaky,0.8417538541666667
ConvNeXt Base,8.204616140632437,doorway,6_10,pointy,0.8468496527777779
ConvNeXt Base,8.204616140632437,doorway,6_10,streaky,0.8451929861111112
ConvNeXt Base,8.204616140632437,doorway,6_15,pointy,0.8387897916666667
ConvNeXt Base,8.204616140632437,doorway,6_15,streaky,0.8477283333333332
ConvNeXt Base,8.204616140632437,doorway,6_20,pointy,0.8379915625000001
ConvNeXt Base,8.204616140632437,doorway,6_20,streaky,0.8465240972222222
ConvNeXt Base,8.204616140632437,doorway,9_10,pointy,0.8463890277777777
ConvNeXt Base,8.204616140632437,doorway,9_10,streaky,0.8445139583333333
ConvNeXt Large,8.465098005399398,doorway,12_10,pointy,0.8450130555555557
ConvNeXt Large,8.465098005399398,doorway,12_10,streaky,0.8512991666666666
ConvNeXt Large,8.465098005399398,doorway,12_20,pointy,0.8414193402777779
ConvNeXt Large,8.465098005399398,doorway,12_20,streaky,0.8435445486111112
ConvNeXt Large,8.465098005399398,doorway,6_10,pointy,0.8426008333333334
ConvNeXt Large,8.465098005399398,doorway,6_10,streaky,0.8436901736111112
ConvNeXt Large,8.465098005399398,doorway,6_15,pointy,0.8353461805555555
ConvNeXt Large,8.465098005399398,doorway,6_15,streaky,0.8435447222222221
ConvNeXt Large,8.465098005399398,doorway,6_20,pointy,0.8395992708333333
ConvNeXt Large,8.465098005399398,doorway,6_20,streaky,0.8437142361111111
ConvNeXt Large,8.465098005399398,doorway,9_10,pointy,0.845510625
ConvNeXt Large,8.465098005399398,doorway,9_10,streaky,0.849475173611111
ConvNeXt Small,9.451077959243602,doorway,12_10,pointy,0.8477235069444445
ConvNeXt Small,9.451077959243602,doorway,12_10,streaky,0.8475272916666668
ConvNeXt Small,9.451077959243602,doorway,12_20,pointy,0.8505464583333333
ConvNeXt Small,9.451077959243602,doorway,12_20,streaky,0.8480859374999999
ConvNeXt Small,9.451077959243602,doorway,6_10,pointy,0.8438619097222222
ConvNeXt Small,9.451077959243602,doorway,6_10,streaky,0.845536875
ConvNeXt Small,9.451077959243602,doorway,6_15,pointy,0.8387354166666668
ConvNeXt Small,9.451077959243602,doorway,6_15,streaky,0.8462307291666666
ConvNeXt Small,9.451077959243602,doorway,6_20,pointy,0.8380313541666666
ConvNeXt Small,9.451077959243602,doorway,6_20,streaky,0.8434696180555555
ConvNeXt Small,9.451077959243602,doorway,9_10,pointy,0.8438674305555555
ConvNeXt Small,9.451077959243602,doorway,9_10,streaky,0.8431073263888889
ConvNeXt Tiny,9.025092807356211,doorway,12_10,pointy,0.8456707291666665
ConvNeXt Tiny,9.025092807356211,doorway,12_10,streaky,0.8467687152777778
ConvNeXt Tiny,9.025092807356211,doorway,12_20,pointy,0.8451889236111111
ConvNeXt Tiny,9.025092807356211,doorway,12_20,streaky,0.849395138888889
ConvNeXt Tiny,9.025092807356211,doorway,6_10,pointy,0.8452531250000002
ConvNeXt Tiny,9.025092807356211,doorway,6_10,streaky,0.8490293055555556
ConvNeXt Tiny,9.025092807356211,doorway,6_15,pointy,0.8391198958333332
ConvNeXt Tiny,9.025092807356211,doorway,6_15,streaky,0.8430546527777778
ConvNeXt Tiny,9.025092807356211,doorway,6_20,pointy,0.83690625
ConvNeXt Tiny,9.025092807356211,doorway,6_20,streaky,0.8447527777777777
ConvNeXt Tiny,9.025092807356211,doorway,9_10,pointy,0.8452561805555556
ConvNeXt Tiny,9.025092807356211,doorway,9_10,streaky,0.8458676388888888
DINOv3 ViT Base,7.39323001629135,doorway,12_10,pointy,0.8563676388888888
DINOv3 ViT Base,7.39323001629135,doorway,12_10,streaky,0.8573422569444444
DINOv3 ViT Base,7.39323001629135,doorway,12_20,pointy,0.8555203125
DINOv3 ViT Base,7.39323001629135,doorway,12_20,streaky,0.845820138888889
DINOv3 ViT Base,7.39323001629135,doorway,6_10,pointy,0.8509030555555555
DINOv3 ViT Base,7.39323001629135,doorway,6_10,streaky,0.8627207986111112
DINOv3 ViT Base,7.39323001629135,doorway,6_15,pointy,0.8496365972222222
DINOv3 ViT Base,7.39323001629135,doorway,6_15,streaky,0.8625651388888889
DINOv3 ViT Base,7.39323001629135,doorway,6_20,pointy,0.7603883333333333
DINOv3 ViT Base,7.39323001629135,doorway,6_20,streaky,0.8450436458333334
DINOv3 ViT Base,7.39323001629135,doorway,9_10,pointy,0.8382788541666667
DINOv3 ViT Base,7.39323001629135,doorway,9_10,streaky,0.8538184375
ResNet18,5.146898180107886,doorway,12_10,pointy,0.8461729861111111
ResNet18,5.146898180107886,doorway,12_10,streaky,0.8488419444444446
ResNet18,5.146898180107886,doorway,12_20,pointy,0.8392274652777779
ResNet18,5.146898180107886,doorway,12_20,streaky,0.8378569444444445
ResNet18,5.146898180107886,doorway,6_10,pointy,0.8482406944444444
ResNet18,5.146898180107886,doorway,6_10,streaky,0.8504703125
ResNet18,5.146898180107886,doorway,6_15,pointy,0.8406557638888887
ResNet18,5.146898180107886,doorway,6_15,streaky,0.8414339583333333
ResNet18,5.146898180107886,doorway,6_20,pointy,0.8414076041666666
ResNet18,5.146898180107886,doorway,6_20,streaky,0.8416589583333332
ResNet18,5.146898180107886,doorway,9_10,pointy,0.8482658680555556
ResNet18,5.146898180107886,doorway,9_10,streaky,0.8484622569444443
ResNet50,5.716067918810851,doorway,12_10,pointy,0.8458884375
ResNet50,5.716067918810851,doorway,12_10,streaky,0.8459515277777777
ResNet50,5.716067918810851,doorway,12_20,pointy,0.8398325694444445
ResNet50,5.716067918810851,doorway,12_20,streaky,0.8381222569444446
ResNet50,5.716067918810851,doorway,6_10,pointy,0.8509121875
ResNet50,5.716067918810851,doorway,6_10,streaky,0.8511598611111111
ResNet50,5.716067918810851,doorway,6_15,pointy,0.8425083333333333
ResNet50,5.716067918810851,doorway,6_15,streaky,0.8426493055555555
ResNet50,5.716067918810851,doorway,6_20,pointy,0.8366630555555556
ResNet50,5.716067918810851,doorway,6_20,streaky,0.8367766319444445
ResNet50,5.716067918810851,doorway,9_10,pointy,0.8464262499999998
ResNet50,5.716067918810851,doorway,9_10,streaky,0.8473536111111113
VGG11,12.06118566549164,doorway,12_10,pointy,0.8475127777777779
VGG11,12.06118566549164,doorway,12_10,streaky,0.8487641319444444
VGG11,12.06118566549164,doorway,12_20,pointy,0.841274375
VGG11,12.06118566549164,doorway,12_20,streaky,0.8434275694444444
VGG11,12.06118566549164,doorway,6_10,pointy,0.8440878125
VGG11,12.06118566549164,doorway,6_10,streaky,0.8452394444444444
VGG11,12.06118566549164,doorway,6_15,pointy,0.8400124999999999
VGG11,12.06118566549164,doorway,6_15,streaky,0.8400365972222221
VGG11,12.06118566549164,doorway,6_20,pointy,0.8373987152777778
VGG11,12.06118566549164,doorway,6_20,streaky,0.8474709027777777
VGG11,12.06118566549164,doorway,9_10,pointy,0.8461277430555555
VGG11,12.06118566549164,doorway,9_10,streaky,0.8454978819444445
VGG13,12.428506046992451,doorway,12_10,pointy,0.8486748958333333
VGG13,12.428506046992451,doorway,12_10,streaky,0.8506893055555554
VGG13,12.428506046992451,doorway,12_20,pointy,0.8443603124999999
VGG13,12.428506046992451,doorway,12_20,streaky,0.8413121875
VGG13,12.428506046992451,doorway,6_10,pointy,0.8541768055555556
VGG13,12.428506046992451,doorway,6_10,streaky,0.8478369097222223
VGG13,12.428506046992451,doorway,6_15,pointy,0.8403969097222224
VGG13,12.428506046992451,doorway,6_15,streaky,0.8415701041666667
VGG13,12.428506046992451,doorway,6_20,pointy,0.8401779166666667
VGG13,12.428506046992451,doorway,6_20,streaky,0.842138784722222
VGG13,12.428506046992451,doorway,9_10,pointy,0.8497384722222222
VGG13,12.428506046992451,doorway,9_10,streaky,0.8415877430555556
VGG16,12.51914658282988,doorway,12_10,pointy,0.8513662152777778
VGG16,12.51914658282988,doorway,12_10,streaky,0.8525985069444444
VGG16,12.51914658282988,doorway,12_20,pointy,0.8412499999999999
VGG16,12.51914658282988,doorway,12_20,streaky,0.8390167013888888
VGG16,12.51914658282988,doorway,6_10,pointy,0.8563240277777778
VGG16,12.51914658282988,doorway,6_10,streaky,0.8412270486111112
VGG16,12.51914658282988,doorway,6_15,pointy,0.8440148958333333
VGG16,12.51914658282988,doorway,6_15,streaky,0.8384224652777779
VGG16,12.51914658282988,doorway,6_20,pointy,0.8420260069444444
VGG16,12.51914658282988,doorway,6_20,streaky,0.841497326388889
VGG16,12.51914658282988,doorway,9_10,pointy,0.8473246875000001
VGG16,12.51914658282988,doorway,9_10,streaky,0.8508313194444443
VGG19,12.292787052622419,doorway,12_10,pointy,0.8535176041666667
VGG19,12.292787052622419,doorway,12_10,streaky,0.8514767708333334
VGG19,12.292787052622419,doorway,12_20,pointy,0.8424271180555556
VGG19,12.292787052622419,doorway,12_20,streaky,0.8449904166666666
VGG19,12.292787052622419,doorway,6_10,pointy,0.8554658333333334
VGG19,12.292787052622419,doorway,6_10,streaky,0.8496408680555556
VGG19,12.292787052622419,doorway,6_15,pointy,0.8399325694444444
VGG19,12.292787052622419,doorway,6_15,streaky,0.8299428472222223
VGG19,12.292787052622419,doorway,6_20,pointy,0.8364143055555555
VGG19,12.292787052622419,doorway,6_20,streaky,0.833076875
VGG19,12.292787052622419,doorway,9_10,pointy,0.84918875
VGG19,12.292787052622419,doorway,9_10,streaky,0.8512936111111111
ViT Base,12.069278452407447,doorway,12_10,pointy,0.8516755555555555
ViT Base,12.069278452407447,doorway,12_10,streaky,0.8544979513888888
ViT Base,12.069278452407447,doorway,12_20,pointy,0.8467897222222224
ViT Base,12.069278452407447,doorway,12_20,streaky,0.8467232986111111
ViT Base,12.069278452407447,doorway,6_10,pointy,0.8346307291666667
ViT Base,12.069278452407447,doorway,6_10,streaky,0.8418581597222221
ViT Base,12.069278452407447,doorway,6_15,pointy,0.8370463541666666
ViT Base,12.069278452407447,doorway,6_15,streaky,0.8413825347222224
ViT Base,12.069278452407447,doorway,6_20,pointy,0.8381920833333334
ViT Base,12.069278452407447,doorway,6_20,streaky,0.8437195138888889
ViT Base,12.069278452407447,doorway,9_10,pointy,0.8448547569444445
ViT Base,12.069278452407447,doorway,9_10,streaky,0.8483260416666667
ViT Large,12.289876686704607,doorway,12_10,pointy,0.8463918749999999
ViT Large,12.289876686704607,doorway,12_10,streaky,0.8494388194444445
ViT Large,12.289876686704607,doorway,12_20,pointy,0.8468858333333333
ViT Large,12.289876686704607,doorway,12_20,streaky,0.8498018402777777
ViT Large,12.289876686704607,doorway,6_10,pointy,0.8353209027777778
ViT Large,12.289876686704607,doorway,6_10,streaky,0.8412583680555554
ViT Large,12.289876686704607,doorway,6_15,pointy,0.8428201041666668
ViT Large,12.289876686704607,doorway,6_15,streaky,0.8440941319444445
ViT Large,12.289876686704607,doorway,6_20,pointy,0.84532625
ViT Large,12.289876686704607,doorway,6_20,streaky,0.8409221527777777
ViT Large,12.289876686704607,doorway,9_10,pointy,0.8439819791666666
ViT Large,12.289876686704607,doorway,9_10,streaky,0.8501506597222223
ViT Small,9.285087035086486,doorway,12_10,pointy,0.8519522569444444
ViT Small,9.285087035086486,doorway,12_10,streaky,0.8489255555555555
ViT Small,9.285087035086486,doorway,12_20,pointy,0.8326563888888889
ViT Small,9.285087035086486,doorway,12_20,streaky,0.8402957291666666
ViT Small,9.285087035086486,doorway,6_10,pointy,0.8459301041666667
ViT Small,9.285087035086486,doorway,6_10,streaky,0.8447305208333333
ViT Small,9.285087035086486,doorway,6_15,pointy,0.8391311458333334
ViT Small,9.285087035086486,doorway,6_15,streaky,0.8497779861111111
ViT Small,9.285087035086486,doorway,6_20,pointy,0.8423763541666667
ViT Small,9.285087035086486,doorway,6_20,streaky,0.8456186458333332
ViT Small,9.285087035086486,doorway,9_10,pointy,0.8470101041666667
ViT Small,9.285087035086486,doorway,9_10,streaky,0.8459065625
ConvNeXt Base,11.789397195885854,emotion,12_20,pointy,0.5355844166666666
ConvNeXt Base,11.789397195885854,emotion,12_20,streaky,0.5716820833333334
ConvNeXt Base,11.789397195885854,emotion,6_15,pointy,0.5415443333333332
ConvNeXt Base,11.789397195885854,emotion,6_15,streaky,0.5487410833333334
ConvNeXt Large,11.102269327401453,emotion,12_20,pointy,0.5292889166666667
ConvNeXt Large,11.102269327401453,emotion,12_20,streaky,0.5620353333333333
ConvNeXt Large,11.102269327401453,emotion,6_15,pointy,0.5329958333333333
ConvNeXt Large,11.102269327401453,emotion,6_15,streaky,0.55269575
ConvNeXt Small,14.681902957654135,emotion,12_20,pointy,0.5304803333333333
ConvNeXt Small,14.681902957654135,emotion,12_20,streaky,0.5645558333333334
ConvNeXt Small,14.681902957654135,emotion,6_15,pointy,0.5336292499999999
ConvNeXt Small,14.681902957654135,emotion,6_15,streaky,0.5518175833333332
ConvNeXt Tiny,12.629417287584024,emotion,12_20,pointy,0.5226184999999999
ConvNeXt Tiny,12.629417287584024,emotion,12_20,streaky,0.5579590833333332
ConvNeXt Tiny,12.629417287584024,emotion,6_15,pointy,0.5294489166666666
ConvNeXt Tiny,12.629417287584024,emotion,6_15,streaky,0.5491755833333333
DINOv3 ViT Base,6.194298452166481,emotion,12_20,pointy,0.5431083333333333
DINOv3 ViT Base,6.194298452166481,emotion,12_20,streaky,0.5692525833333333
DINOv3 ViT Base,6.194298452166481,emotion,6_15,pointy,0.5156681666666667
DINOv3 ViT Base,6.194298452166481,emotion,6_15,streaky,0.5534773333333333
ResNet18,1.6539271837530203,emotion,12_20,pointy,0.5130616666666666
ResNet18,1.6539271837530203,emotion,12_20,streaky,0.5472575833333333
ResNet18,1.6539271837530203,emotion,6_15,pointy,0.5436864166666667
ResNet18,1.6539271837530203,emotion,6_15,streaky,0.5386815833333334
ResNet50,1.6293127887454966,emotion,12_20,pointy,0.5087983333333332
ResNet50,1.6293127887454966,emotion,12_20,streaky,0.5410849166666668
ResNet50,1.6293127887454966,emotion,6_15,pointy,0.5520235
ResNet50,1.6293127887454966,emotion,6_15,streaky,0.5214476666666668
VGG11,11.69308693805628,emotion,12_20,pointy,0.5161191666666667
VGG11,11.69308693805628,emotion,12_20,streaky,0.5586484166666666
VGG11,11.69308693805628,emotion,6_15,pointy,0.53171175
VGG11,11.69308693805628,emotion,6_15,streaky,0.5299466666666667
VGG13,11.880645414819384,emotion,12_20,pointy,0.5164329166666666
VGG13,11.880645414819384,emotion,12_20,streaky,0.55226475
VGG13,11.880645414819384,emotion,6_15,pointy,0.5326665
VGG13,11.880645414819384,emotion,6_15,streaky,0.5532274166666667
VGG16,15.557113651557843,emotion,12_20,pointy,0.5160616666666666
VGG16,15.557113651557843,emotion,12_20,streaky,0.55782025
VGG16,15.557113651557843,emotion,6_15,pointy,0.53046075
VGG16,15.557113651557843,emotion,6_15,streaky,0.5415687499999999
VGG19,12.036527223043903,emotion,12_20,pointy,0.5323765833333333
VGG19,12.036527223043903,emotion,12_20,streaky,0.5707559166666667
VGG19,12.036527223043903,emotion,6_15,pointy,0.5392007499999999
VGG19,12.036527223043903,emotion,6_15,streaky,0.53113425
ViT Base,15.797533425351403,emotion,12_20,pointy,0.5256014999999999
ViT Base,15.797533425351403,emotion,12_20,streaky,0.5466507500000001
ViT Base,15.797533425351403,emotion,6_15,pointy,0.5211586666666667
ViT Base,15.797533425351403,emotion,6_15,streaky,0.5533113333333334
ViT Large,13.933486775226838,emotion,12_20,pointy,0.5194313333333334
ViT Large,13.933486775226838,emotion,12_20,streaky,0.5397013333333333
ViT Large,13.933486775226838,emotion,6_15,pointy,0.5274503333333334
ViT Large,13.933486775226838,emotion,6_15,streaky,0.55382675
ViT Small,14.964890682159758,emotion,12_20,pointy,0.5226845833333332
ViT Small,14.964890682159758,emotion,12_20,streaky,0.5453733333333333
ViT Small,14.964890682159758,emotion,6_15,pointy,0.5347176666666666
ViT Small,14.964890682159758,emotion,6_15,streaky,0.5486129166666667
ConvNeXt Base,8.71232333791771,shape,12_10,pointy,0.6847063315217392
ConvNeXt Base,8.71232333791771,shape,12_10,streaky,0.6851619724137932
ConvNeXt Base,8.71232333791771,shape,12_20,pointy,0.7151215961800819
ConvNeXt Base,8.71232333791771,shape,12_20,streaky,0.6952341540577717
ConvNeXt Base,8.71232333791771,shape,6_10,pointy,0.6396168767123288
ConvNeXt Base,8.71232333791771,shape,6_10,streaky,0.6370963477088949
ConvNeXt Base,8.71232333791771,shape,6_15,pointy,0.6927869618528609
ConvNeXt Base,8.71232333791771,shape,6_15,streaky,0.6715893852459016
ConvNeXt Base,8.71232333791771,shape,6_20,pointy,0.6930975616438356
ConvNeXt Base,8.71232333791771,shape,6_20,streaky,0.6881495410292071
ConvNeXt Base,8.71232333791771,shape,9_10,pointy,0.6875720547945205
ConvNeXt Base,8.71232333791771,shape,9_10,streaky,0.6761629298486933
ConvNeXt Large,9.162686668021484,shape,12_10,pointy,0.6858264538043477
ConvNeXt Large,9.162686668021484,shape,12_10,streaky,0.6862929379310344
ConvNeXt Large,9.162686668021484,shape,12_20,pointy,0.7071703001364257
ConvNeXt Large,9.162686668021484,shape,12_20,streaky,0.6877399449793672
ConvNeXt Large,9.162686668021484,shape,6_10,pointy,0.6369376438356165
ConvNeXt Large,9.162686668021484,shape,6_10,streaky,0.6456814420485175
ConvNeXt Large,9.162686668021484,shape,6_15,pointy,0.6921691280653951
ConvNeXt Large,9.162686668021484,shape,6_15,streaky,0.667615
ConvNeXt Large,9.162686668021484,shape,6_20,pointy,0.6900339589041096
ConvNeXt Large,9.162686668021484,shape,6_20,streaky,0.6828073852573018
ConvNeXt Large,9.162686668021484,shape,9_10,pointy,0.6826688219178083
ConvNeXt Large,9.162686668021484,shape,9_10,streaky,0.6771227372764785
ConvNeXt Small,10.040139295359687,shape,12_10,pointy,0.6851511005434783
ConvNeXt Small,10.040139295359687,shape,12_10,streaky,0.6958108
ConvNeXt Small,10.040139295359687,shape,12_20,pointy,0.7148244474761254
ConvNeXt Small,10.040139295359687,shape,12_20,streaky,0.7014730811554333
ConvNeXt Small,10.040139295359687,shape,6_10,pointy,0.6548122876712329
ConvNeXt Small,10.040139295359687,shape,6_10,streaky,0.6164487601078167
ConvNeXt Small,10.040139295359687,shape,6_15,pointy,0.6971969891008174
ConvNeXt Small,10.040139295359687,shape,6_15,streaky,0.6643212295081966
ConvNeXt Small,10.040139295359687,shape,6_20,pointy,0.6982990547945205
ConvNeXt Small,10.040139295359687,shape,6_20,streaky,0.6918378442280946
ConvNeXt Small,10.040139295359687,shape,9_10,pointy,0.681634205479452
ConvNeXt Small,10.040139295359687,shape,9_10,streaky,0.6756382668500688
ConvNeXt Tiny,9.836403149600441,shape,12_10,pointy,0.6760910733695652
ConvNeXt Tiny,9.836403149600441,shape,12_10,streaky,0.7022502482758621
ConvNeXt Tiny,9.836403149600441,shape,12_20,pointy,0.7134136971350615
ConvNeXt Tiny,9.836403149600441,shape,12_20,streaky,0.69115954607978
ConvNeXt Tiny,9.836403149600441,shape,6_10,pointy,0.6529725068493151
ConvNeXt Tiny,9.836403149600441,shape,6_10,streaky,0.6459057008086253
ConvNeXt Tiny,9.836403149600441,shape,6_15,pointy,0.6874451226158038
ConvNeXt Tiny,9.836403149600441,shape,6_15,streaky,0.6623022404371584
ConvNeXt Tiny,9.836403149600441,shape,6_20,pointy,0.6885837808219178
ConvNeXt Tiny,9.836403149600441,shape,6_20,streaky,0.675411752433936
ConvNeXt Tiny,9.836403149600441,shape,9_10,pointy,0.6666675616438356
ConvNeXt Tiny,9.836403149600441,shape,9_10,streaky,0.6738669050894085
DINOv3 ViT Base,6.123942640274776,shape,12_10,pointy,0.6977800951086957
DINOv3 ViT Base,6.123942640274776,shape,12_10,streaky,0.7033290068965518
DINOv3 ViT Base,6.123942640274776,shape,12_20,pointy,0.7589993178717599
DINOv3 ViT Base,6.123942640274776,shape,12_20,streaky,0.7375861072902339
DINOv3 ViT Base,6.123942640274776,shape,6_10,pointy,0.5374236164383561
DINOv3 ViT Base,6.123942640274776,shape,6_10,streaky,0.6364914150943396
DINOv3 ViT Base,6.123942640274776,shape,6_15,pointy,0.6981011307901908
DINOv3 ViT Base,6.123942640274776,shape,6_15,streaky,0.7082651912568306
DINOv3 ViT Base,6.123942640274776,shape,6_20,pointy,0.7040302602739725
DINOv3 ViT Base,6.123942640274776,shape,6_20,streaky,0.7223437691237831
DINOv3 ViT Base,6.123942640274776,shape,9_10,pointy,0.5687229863013699
DINOv3 ViT Base,6.123942640274776,shape,9_10,streaky,0.6782826960110041
ResNet18,0.005320180123926295,shape,12_10,pointy,0.577259633152174
ResNet18,0.005320180123926295,shape,12_10,streaky,0.5940862482758621
ResNet18,0.005320180123926295,shape,12_20,pointy,0.68812275579809
ResNet18,0.005320180123926295,shape,12_20,streaky,0.6327725997248967
ResNet18,0.005320180123926295,shape,6_10,pointy,0.4695510136986301
ResNet18,0.005320180123926295,shape,6_10,streaky,0.461661064690027
ResNet18,0.005320180123926295,shape,6_15,pointy,0.5750443460490463
ResNet18,0.005320180123926295,shape,6_15,streaky,0.5425403688524589
ResNet18,0.005320180123926295,shape,6_20,pointy,0.6264332739726027
ResNet18,0.005320180123926295,shape,6_20,streaky,0.5465909874826147
ResNet18,0.005320180123926295,shape,9_10,pointy,0.5538784794520548
ResNet18,0.005320180123926295,shape,9_10,streaky,0.5733289683631362
ResNet50,0.01197779921110943,shape,12_10,pointy,0.5055686005434782
ResNet50,0.01197779921110943,shape,12_10,streaky,0.48881575172413794
ResNet50,0.01197779921110943,shape,12_20,pointy,0.589543874488404
ResNet50,0.01197779921110943,shape,12_20,streaky,0.5525117744154058
ResNet50,0.01197779921110943,shape,6_10,pointy,0.4306964246575342
ResNet50,0.01197779921110943,shape,6_10,streaky,0.4113146900269541
ResNet50,0.01197779921110943,shape,6_15,pointy,0.4960603950953678
ResNet50,0.01197779921110943,shape,6_15,streaky,0.47521091530054643
ResNet50,0.01197779921110943,shape,6_20,pointy,0.5176921095890411
ResNet50,0.01197779921110943,shape,6_20,streaky,0.4979586230876216
ResNet50,0.01197779921110943,shape,9_10,pointy,0.5046554931506848
ResNet50,0.01197779921110943,shape,9_10,streaky,0.45898707015130674
VGG11,8.1396426458562,shape,12_10,pointy,0.6701293614130435
VGG11,8.1396426458562,shape,12_10,streaky,0.6730337793103448
VGG11,8.1396426458562,shape,12_20,pointy,0.7839124556616645
VGG11,8.1396426458562,shape,12_20,streaky,0.7730172627235213
VGG11,8.1396426458562,shape,6_10,pointy,0.6066841369863012
VGG11,8.1396426458562,shape,6_10,streaky,0.6007159433962264
VGG11,8.1396426458562,shape,6_15,pointy,0.7007462534059946
VGG11,8.1396426458562,shape,6_15,streaky,0.6642604234972678
VGG11,8.1396426458562,shape,6_20,pointy,0.7037488493150684
VGG11,8.1396426458562,shape,6_20,streaky,0.7041344506258692
VGG11,8.1396426458562,shape,9_10,pointy,0.6556954383561643
VGG11,8.1396426458562,shape,9_10,streaky,0.651535969738652
VGG13,8.156226628652567,shape,12_10,pointy,0.7048133695652175
VGG13,8.156226628652567,shape,12_10,streaky,0.702105351724138
VGG13,8.156226628652567,shape,12_20,pointy,0.7759996862210097
VGG13,8.156226628652567,shape,12_20,streaky,0.756568431911967
VGG13,8.156226628652567,shape,6_10,pointy,0.5931981506849315
VGG13,8.156226628652567,shape,6_10,streaky,0.5915750943396226
VGG13,8.156226628652567,shape,6_15,pointy,0.6978058446866486
VGG13,8.156226628652567,shape,6_15,streaky,0.656531762295082
VGG13,8.156226628652567,shape,6_20,pointy,0.7327636164383562
VGG13,8.156226628652567,shape,6_20,streaky,0.6782892489568846
VGG13,8.156226628652567,shape,9_10,pointy,0.6639902191780822
VGG13,8.156226628652567,shape,9_10,streaky,0.6669266850068776
VGG16,4.010618558416029,shape,12_10,pointy,0.7106830027173913
VGG16,4.010618558416029,shape,12_10,streaky,0.6669711586206897
VGG16,4.010618558416029,shape,12_20,pointy,0.7895011186903138
VGG16,4.010618558416029,shape,12_20,streaky,0.7250987620357633
VGG16,4.010618558416029,shape,6_10,pointy,0.6084850958904109
VGG16,4.010618558416029,shape,6_10,streaky,0.609982601078167
VGG16,4.010618558416029,shape,6_15,pointy,0.7009345231607629
VGG16,4.010618558416029,shape,6_15,streaky,0.6706684836065573
VGG16,4.010618558416029,shape,6_20,pointy,0.7164480273972602
VGG16,4.010618558416029,shape,6_20,streaky,0.6833819471488176
VGG16,4.010618558416029,shape,9_10,pointy,0.6793869452054795
VGG16,4.010618558416029,shape,9_10,streaky,0.6588900000000001
VGG19,3.3048192864546717,shape,12_10,pointy,0.6835377173913044
VGG19,3.3048192864546717,shape,12_10,streaky,0.6784569931034483
VGG19,3.3048192864546717,shape,12_20,pointy,0.7646625648021829
VGG19,3.3048192864546717,shape,12_20,streaky,0.7513501375515819
VGG19,3.3048192864546717,shape,6_10,pointy,0.5928619178082191
VGG19,3.3048192864546717,shape,6_10,streaky,0.614267371967655
VGG19,3.3048192864546717,shape,6_15,pointy,0.6787135286103542
VGG19,3.3048192864546717,shape,6_15,streaky,0.6665746584699453
VGG19,3.3048192864546717,shape,6_20,pointy,0.7299698767123288
VGG19,3.3048192864546717,shape,6_20,streaky,0.6883170375521558
VGG19,3.3048192864546717,shape,9_10,pointy,0.6653896986301369
VGG19,3.3048192864546717,shape,9_10,streaky,0.6684632599724897
ViT Base,9.961599478004475,shape,12_10,pointy,0.6936501902173913
ViT Base,9.961599478004475,shape,12_10,streaky,0.701703972413793
ViT Base,9.961599478004475,shape,12_20,pointy,0.7232432196452934
ViT Base,9.961599478004475,shape,12_20,streaky,0.7306870013755158
ViT Base,9.961599478004475,shape,6_10,pointy,0.6196777397260274
ViT Base,9.961599478004475,shape,6_10,streaky,0.6381775202156333
ViT Base,9.961599478004475,shape,6_15,pointy,0.6775282833787466
ViT Base,9.961599478004475,shape,6_15,streaky,0.659906980874317
ViT Base,9.961599478004475,shape,6_20,pointy,0.685434287671233
ViT Base,9.961599478004475,shape,6_20,streaky,0.6788162586926286
ViT Base,9.961599478004475,shape,9_10,pointy,0.6853621917808219
ViT Base,9.961599478004475,shape,9_10,streaky,0.6740171526822559
ViT Large,10.736500689262822,shape,12_10,pointy,0.7067989538043479
ViT Large,10.736500689262822,shape,12_10,streaky,0.6981652
ViT Large,10.736500689262822,shape,12_20,pointy,0.7175256207366985
ViT Large,10.736500689262822,shape,12_20,streaky,0.7220737138927098
ViT Large,10.736500689262822,shape,6_10,pointy,0.6250868630136985
ViT Large,10.736500689262822,shape,6_10,streaky,0.6215658625336926
ViT Large,10.736500689262822,shape,6_15,pointy,0.6909232288828338
ViT Large,10.736500689262822,shape,6_15,streaky,0.6444234699453552
ViT Large,10.736500689262822,shape,6_20,pointy,0.6996552465753425
ViT Large,10.736500689262822,shape,6_20,streaky,0.6801136717663422
ViT Large,10.736500689262822,shape,9_10,pointy,0.6753268630136986
ViT Large,10.736500689262822,shape,9_10,streaky,0.6649818707015129
ViT Small,8.411181398026391,shape,12_10,pointy,0.6938881929347824
ViT Small,8.411181398026391,shape,12_10,streaky,0.6888986620689656
ViT Small,8.411181398026391,shape,12_20,pointy,0.7147726057298772
ViT Small,8.411181398026391,shape,12_20,streaky,0.7082847317744154
ViT Small,8.411181398026391,shape,6_10,pointy,0.6473364109589042
ViT Small,8.411181398026391,shape,6_10,streaky,0.635467358490566
ViT Small,8.411181398026391,shape,6_15,pointy,0.6928922888283378
ViT Small,8.411181398026391,shape,6_15,streaky,0.6632357923497268
ViT Small,8.411181398026391,shape,6_20,pointy,0.6997445205479452
ViT Small,8.411181398026391,shape,6_20,streaky,0.6702960639777469
ViT Small,8.411181398026391,shape,9_10,pointy,0.6794677397260275
ViT Small,8.411181398026391,shape,9_10,streaky,0.6739805364511692
