architecture,optimal_k,task,implant_type,model_type,accuracy
ConvNeXt Base,14.394646125494171,doorway,12_10,pointy,0.8602490972222222
ConvNeXt Base,14.394646125494171,doorway,12_10,streaky,0.8200732986111111
ConvNeXt Base,14.394646125494171,doorway,12_20,pointy,0.8509112152777778
ConvNeXt Base,14.394646125494171,doorway,12_20,streaky,0.8491004166666667
ConvNeXt Base,14.394646125494171,doorway,6_10,pointy,0.8733271527777777
ConvNeXt Base,14.394646125494171,doorway,6_10,streaky,0.8199675347222224
ConvNeXt Base,14.394646125494171,doorway,6_15,pointy,0.8332253472222222
ConvNeXt Base,14.394646125494171,doorway,6_15,streaky,0.8380454513888889
ConvNeXt Base,14.394646125494171,doorway,6_20,pointy,0.840876423611111
ConvNeXt Base,14.394646125494171,doorway,6_20,streaky,0.8698334722222223
ConvNeXt Base,14.394646125494171,doorway,9_10,pointy,0.8631469097222222
ConvNeXt Base,14.394646125494171,doorway,9_10,streaky,0.8367462152777778
ConvNeXt Large,12.976691425385294,doorway,12_10,pointy,0.8331900347222222
ConvNeXt Large,12.976691425385294,doorway,12_10,streaky,0.8484024305555555
ConvNeXt Large,12.976691425385294,doorway,12_20,pointy,0.8475390972222223
ConvNeXt Large,12.976691425385294,doorway,12_20,streaky,0.8248716319444445
ConvNeXt Large,12.976691425385294,doorway,6_10,pointy,0.8439637847222222
ConvNeXt Large,12.976691425385294,doorway,6_10,streaky,0.8531075694444444
ConvNeXt Large,12.976691425385294,doorway,6_15,pointy,0.833929201388889
ConvNeXt Large,12.976691425385294,doorway,6_15,streaky,0.8363957638888888
ConvNeXt Large,12.976691425385294,doorway,6_20,pointy,0.8429030902777779
ConvNeXt Large,12.976691425385294,doorway,6_20,streaky,0.855436875
ConvNeXt Large,12.976691425385294,doorway,9_10,pointy,0.8647197222222222
ConvNeXt Large,12.976691425385294,doorway,9_10,streaky,0.8594637500000001
ConvNeXt Small,10.782430155829791,doorway,12_10,pointy,0.8796967708333334
ConvNeXt Small,10.782430155829791,doorway,12_10,streaky,0.8714025
ConvNeXt Small,10.782430155829791,doorway,12_20,pointy,0.9040560069444445
ConvNeXt Small,10.782430155829791,doorway,12_20,streaky,0.8409525694444445
ConvNeXt Small,10.782430155829791,doorway,6_10,pointy,0.822329375
ConvNeXt Small,10.782430155829791,doorway,6_10,streaky,0.8631477083333333
ConvNeXt Small,10.782430155829791,doorway,6_15,pointy,0.818905590277778
ConvNeXt Small,10.782430155829791,doorway,6_15,streaky,0.8380396180555556
ConvNeXt Small,10.782430155829791,doorway,6_20,pointy,0.8039647569444444
ConvNeXt Small,10.782430155829791,doorway,6_20,streaky,0.7955300347222222
ConvNeXt Small,10.782430155829791,doorway,9_10,pointy,0.8741023958333333
ConvNeXt Small,10.782430155829791,doorway,9_10,streaky,0.8293506944444445
ConvNeXt Tiny,10.379141755445444,doorway,12_10,pointy,0.886012986111111
ConvNeXt Tiny,10.379141755445444,doorway,12_10,streaky,0.8469946527777779
ConvNeXt Tiny,10.379141755445444,doorway,12_20,pointy,0.8317426736111111
ConvNeXt Tiny,10.379141755445444,doorway,12_20,streaky,0.8387617361111112
ConvNeXt Tiny,10.379141755445444,doorway,6_10,pointy,0.8322606597222221
ConvNeXt Tiny,10.379141755445444,doorway,6_10,streaky,0.8431216666666665
ConvNeXt Tiny,10.379141755445444,doorway,6_15,pointy,0.8156486111111111
ConvNeXt Tiny,10.379141755445444,doorway,6_15,streaky,0.8555335069444444
ConvNeXt Tiny,10.379141755445444,doorway,6_20,pointy,0.8354008333333333
ConvNeXt Tiny,10.379141755445444,doorway,6_20,streaky,0.837268263888889
ConvNeXt Tiny,10.379141755445444,doorway,9_10,pointy,0.8609887152777776
ConvNeXt Tiny,10.379141755445444,doorway,9_10,streaky,0.8380785069444444
DINOv3 ViT Base,35.184097629075346,doorway,12_10,pointy,0.8192318402777777
DINOv3 ViT Base,35.184097629075346,doorway,12_10,streaky,0.8946118402777777
DINOv3 ViT Base,35.184097629075346,doorway,12_20,pointy,0.853869826388889
DINOv3 ViT Base,35.184097629075346,doorway,12_20,streaky,0.9267530555555554
DINOv3 ViT Base,35.184097629075346,doorway,6_10,pointy,0.7554491319444444
DINOv3 ViT Base,35.184097629075346,doorway,6_10,streaky,0.87502125
DINOv3 ViT Base,35.184097629075346,doorway,6_15,pointy,0.7284519097222222
DINOv3 ViT Base,35.184097629075346,doorway,6_15,streaky,0.8845779166666666
DINOv3 ViT Base,35.184097629075346,doorway,6_20,pointy,0.5319316319444446
DINOv3 ViT Base,35.184097629075346,doorway,6_20,streaky,0.917676111111111
DINOv3 ViT Base,35.184097629075346,doorway,9_10,pointy,0.7577305208333333
DINOv3 ViT Base,35.184097629075346,doorway,9_10,streaky,0.8940877083333334
ResNet18,8.745150390553658,doorway,12_10,pointy,0.8560125
ResNet18,8.745150390553658,doorway,12_10,streaky,0.8593207638888888
ResNet18,8.745150390553658,doorway,12_20,pointy,0.8046548263888889
ResNet18,8.745150390553658,doorway,12_20,streaky,0.8075054513888889
ResNet18,8.745150390553658,doorway,6_10,pointy,0.8830152777777778
ResNet18,8.745150390553658,doorway,6_10,streaky,0.8807590277777779
ResNet18,8.745150390553658,doorway,6_15,pointy,0.8341438541666667
ResNet18,8.745150390553658,doorway,6_15,streaky,0.8300219791666666
ResNet18,8.745150390553658,doorway,6_20,pointy,0.8372793055555554
ResNet18,8.745150390553658,doorway,6_20,streaky,0.8268185069444444
ResNet18,8.745150390553658,doorway,9_10,pointy,0.8654658333333334
ResNet18,8.745150390553658,doorway,9_10,streaky,0.8607736111111113
ResNet50,9.475538269931953,doorway,12_10,pointy,0.8658053125
ResNet50,9.475538269931953,doorway,12_10,streaky,0.8670006597222221
ResNet50,9.475538269931953,doorway,12_20,pointy,0.80988
ResNet50,9.475538269931953,doorway,12_20,streaky,0.8153093402777778
ResNet50,9.475538269931953,doorway,6_10,pointy,0.8887175694444445
ResNet50,9.475538269931953,doorway,6_10,streaky,0.885780798611111
ResNet50,9.475538269931953,doorway,6_15,pointy,0.8192868750000001
ResNet50,9.475538269931953,doorway,6_15,streaky,0.8314104513888889
ResNet50,9.475538269931953,doorway,6_20,pointy,0.8129496875000001
ResNet50,9.475538269931953,doorway,6_20,streaky,0.8110878125
ResNet50,9.475538269931953,doorway,9_10,pointy,0.8652101388888889
ResNet50,9.475538269931953,doorway,9_10,streaky,0.8606870138888889
VGG11,11.398263057811704,doorway,12_10,pointy,0.8638316319444446
VGG11,11.398263057811704,doorway,12_10,streaky,0.8714585069444445
VGG11,11.398263057811704,doorway,12_20,pointy,0.8078139236111112
VGG11,11.398263057811704,doorway,12_20,streaky,0.8358458333333333
VGG11,11.398263057811704,doorway,6_10,pointy,0.8667411805555556
VGG11,11.398263057811704,doorway,6_10,streaky,0.8549359375
VGG11,11.398263057811704,doorway,6_15,pointy,0.8217397222222222
VGG11,11.398263057811704,doorway,6_15,streaky,0.8264950347222222
VGG11,11.398263057811704,doorway,6_20,pointy,0.8162294097222222
VGG11,11.398263057811704,doorway,6_20,streaky,0.836930173611111
VGG11,11.398263057811704,doorway,9_10,pointy,0.8734372569444444
VGG11,11.398263057811704,doorway,9_10,streaky,0.8595358333333334
VGG13,11.750981440896886,doorway,12_10,pointy,0.8577093402777777
VGG13,11.750981440896886,doorway,12_10,streaky,0.8547187152777778
VGG13,11.750981440896886,doorway,12_20,pointy,0.8356872916666667
VGG13,11.750981440896886,doorway,12_20,streaky,0.8469875
VGG13,11.750981440896886,doorway,6_10,pointy,0.8749188541666667
VGG13,11.750981440896886,doorway,6_10,streaky,0.8946799305555555
VGG13,11.750981440896886,doorway,6_15,pointy,0.8008883680555556
VGG13,11.750981440896886,doorway,6_15,streaky,0.8334197569444444
VGG13,11.750981440896886,doorway,6_20,pointy,0.8307881944444444
VGG13,11.750981440896886,doorway,6_20,streaky,0.80907125
VGG13,11.750981440896886,doorway,9_10,pointy,0.8803467013888888
VGG13,11.750981440896886,doorway,9_10,streaky,0.8189713541666667
VGG16,11.950256143303198,doorway,12_10,pointy,0.8733959027777779
VGG16,11.950256143303198,doorway,12_10,streaky,0.8112771180555555
VGG16,11.950256143303198,doorway,12_20,pointy,0.8332550347222224
VGG16,11.950256143303198,doorway,12_20,streaky,0.8624004166666666
VGG16,11.950256143303198,doorway,6_10,pointy,0.8569157638888889
VGG16,11.950256143303198,doorway,6_10,streaky,0.8800365625000002
VGG16,11.950256143303198,doorway,6_15,pointy,0.8154673611111111
VGG16,11.950256143303198,doorway,6_15,streaky,0.8228126388888889
VGG16,11.950256143303198,doorway,6_20,pointy,0.7939786458333332
VGG16,11.950256143303198,doorway,6_20,streaky,0.8467985069444446
VGG16,11.950256143303198,doorway,9_10,pointy,0.8749700694444446
VGG16,11.950256143303198,doorway,9_10,streaky,0.859657048611111
VGG19,12.426245233347002,doorway,12_10,pointy,0.8670941666666667
VGG19,12.426245233347002,doorway,12_10,streaky,0.8239034027777778
VGG19,12.426245233347002,doorway,12_20,pointy,0.8371799999999998
VGG19,12.426245233347002,doorway,12_20,streaky,0.8476349305555555
VGG19,12.426245233347002,doorway,6_10,pointy,0.8737097569444444
VGG19,12.426245233347002,doorway,6_10,streaky,0.8655111458333333
VGG19,12.426245233347002,doorway,6_15,pointy,0.8091776736111111
VGG19,12.426245233347002,doorway,6_15,streaky,0.8103401041666668
VGG19,12.426245233347002,doorway,6_20,pointy,0.8262109722222224
VGG19,12.426245233347002,doorway,6_20,streaky,0.8431708333333334
VGG19,12.426245233347002,doorway,9_10,pointy,0.8774021875000001
VGG19,12.426245233347002,doorway,9_10,streaky,0.8611022222222223
ViT Base,10.741086301326911,doorway,12_10,pointy,0.8723506944444445
ViT Base,10.741086301326911,doorway,12_10,streaky,0.8203734375
ViT Base,10.741086301326911,doorway,12_20,pointy,0.8163556597222223
ViT Base,10.741086301326911,doorway,12_20,streaky,0.8807002777777779
ViT Base,10.741086301326911,doorway,6_10,pointy,0.8188052430555555
ViT Base,10.741086301326911,doorway,6_10,streaky,0.8747119791666668
ViT Base,10.741086301326911,doorway,6_15,pointy,0.8466702430555555
ViT Base,10.741086301326911,doorway,6_15,streaky,0.8042619444444444
ViT Base,10.741086301326911,doorway,6_20,pointy,0.8392528472222223
ViT Base,10.741086301326911,doorway,6_20,streaky,0.8245721180555556
ViT Base,10.741086301326911,doorway,9_10,pointy,0.8775368055555555
ViT Base,10.741086301326911,doorway,9_10,streaky,0.8669885069444444
ViT Large,8.669183881449825,doorway,12_10,pointy,0.8621659375
ViT Large,8.669183881449825,doorway,12_10,streaky,0.8312716319444444
ViT Large,8.669183881449825,doorway,12_20,pointy,0.8778548263888888
ViT Large,8.669183881449825,doorway,12_20,streaky,0.8264777083333333
ViT Large,8.669183881449825,doorway,6_10,pointy,0.8200813194444445
ViT Large,8.669183881449825,doorway,6_10,streaky,0.8728310763888889
ViT Large,8.669183881449825,doorway,6_15,pointy,0.8519249652777778
ViT Large,8.669183881449825,doorway,6_15,streaky,0.8430851041666665
ViT Large,8.669183881449825,doorway,6_20,pointy,0.8528206597222223
ViT Large,8.669183881449825,doorway,6_20,streaky,0.8543486458333334
ViT Large,8.669183881449825,doorway,9_10,pointy,0.8097379513888889
ViT Large,8.669183881449825,doorway,9_10,streaky,0.8268018749999999
ViT Small,11.865847059484917,doorway,12_10,pointy,0.8489679166666665
ViT Small,11.865847059484917,doorway,12_10,streaky,0.8637284722222223
ViT Small,11.865847059484917,doorway,12_20,pointy,0.8213312847222223
ViT Small,11.865847059484917,doorway,12_20,streaky,0.8467321875
ViT Small,11.865847059484917,doorway,6_10,pointy,0.8348243055555556
ViT Small,11.865847059484917,doorway,6_10,streaky,0.8578644097222222
ViT Small,11.865847059484917,doorway,6_15,pointy,0.8374685069444444
ViT Small,11.865847059484917,doorway,6_15,streaky,0.8687002430555555
ViT Small,11.865847059484917,doorway,6_20,pointy,0.8168960416666667
ViT Small,11.865847059484917,doorway,6_20,streaky,0.8695182291666667
ViT Small,11.865847059484917,doorway,9_10,pointy,0.8168307986111112
ViT Small,11.865847059484917,doorway,9_10,streaky,0.8390299652777777
ConvNeXt Base,3.9932568851070913,emotion,12_20,pointy,0.5375915833333332
ConvNeXt Base,3.9932568851070913,emotion,12_20,streaky,0.56848575
ConvNeXt Base,3.9932568851070913,emotion,6_15,pointy,0.5381640833333333
ConvNeXt Base,3.9932568851070913,emotion,6_15,streaky,0.545577
ConvNeXt Large,3.76108063783553,emotion,12_20,pointy,0.5320346666666667
ConvNeXt Large,3.76108063783553,emotion,12_20,streaky,0.5673104166666667
ConvNeXt Large,3.76108063783553,emotion,6_15,pointy,0.5299735833333333
ConvNeXt Large,3.76108063783553,emotion,6_15,streaky,0.5507044166666666
ConvNeXt Small,4.512536698690102,emotion,12_20,pointy,0.5281119999999999
ConvNeXt Small,4.512536698690102,emotion,12_20,streaky,0.5584105833333334
ConvNeXt Small,4.512536698690102,emotion,6_15,pointy,0.5314711666666667
ConvNeXt Small,4.512536698690102,emotion,6_15,streaky,0.55456075
ConvNeXt Tiny,4.042110576876018,emotion,12_20,pointy,0.5241404166666666
ConvNeXt Tiny,4.042110576876018,emotion,12_20,streaky,0.5598743333333334
ConvNeXt Tiny,4.042110576876018,emotion,6_15,pointy,0.5276269166666667
ConvNeXt Tiny,4.042110576876018,emotion,6_15,streaky,0.5481391666666667
DINOv3 ViT Base,2.786404500042061,emotion,12_20,pointy,0.5352239166666667
DINOv3 ViT Base,2.786404500042061,emotion,12_20,streaky,0.5655540833333333
DINOv3 ViT Base,2.786404500042061,emotion,6_15,pointy,0.5218122500000001
DINOv3 ViT Base,2.786404500042061,emotion,6_15,streaky,0.5535270000000001
ResNet18,3.518116028526935,emotion,12_20,pointy,0.5133717499999999
ResNet18,3.518116028526935,emotion,12_20,streaky,0.5468209166666667
ResNet18,3.518116028526935,emotion,6_15,pointy,0.5463709166666666
ResNet18,3.518116028526935,emotion,6_15,streaky,0.5407538333333334
ResNet50,2.693637336609479,emotion,12_20,pointy,0.5084398333333334
ResNet50,2.693637336609479,emotion,12_20,streaky,0.5406310833333333
ResNet50,2.693637336609479,emotion,6_15,pointy,0.5546555
ResNet50,2.693637336609479,emotion,6_15,streaky,0.5193575833333334
VGG11,3.8752785295437957,emotion,12_20,pointy,0.5176564166666666
VGG11,3.8752785295437957,emotion,12_20,streaky,0.5610510000000001
VGG11,3.8752785295437957,emotion,6_15,pointy,0.5379780000000001
VGG11,3.8752785295437957,emotion,6_15,streaky,0.5341484166666667
VGG13,4.519401330287332,emotion,12_20,pointy,0.5158679166666666
VGG13,4.519401330287332,emotion,12_20,streaky,0.5518309166666666
VGG13,4.519401330287332,emotion,6_15,pointy,0.5277596666666666
VGG13,4.519401330287332,emotion,6_15,streaky,0.5512253333333333
VGG16,5.326741190227605,emotion,12_20,pointy,0.5152500833333333
VGG16,5.326741190227605,emotion,12_20,streaky,0.5537883333333334
VGG16,5.326741190227605,emotion,6_15,pointy,0.5302330833333333
VGG16,5.326741190227605,emotion,6_15,streaky,0.5433684166666667
VGG19,3.4611090032819596,emotion,12_20,pointy,0.5341190833333334
VGG19,3.4611090032819596,emotion,12_20,streaky,0.5732141666666668
VGG19,3.4611090032819596,emotion,6_15,pointy,0.5442705833333333
VGG19,3.4611090032819596,emotion,6_15,streaky,0.53543925
ViT Base,4.412179444884941,emotion,12_20,pointy,0.5255449999999999
ViT Base,4.412179444884941,emotion,12_20,streaky,0.5474616666666667
ViT Base,4.412179444884941,emotion,6_15,pointy,0.5240920833333333
ViT Base,4.412179444884941,emotion,6_15,streaky,0.5555941666666666
ViT Large,3.737809763804834,emotion,12_20,pointy,0.5204052499999999
ViT Large,3.737809763804834,emotion,12_20,streaky,0.5451130833333333
ViT Large,3.737809763804834,emotion,6_15,pointy,0.5301525
ViT Large,3.737809763804834,emotion,6_15,streaky,0.551431
ViT Small,4.531746063375872,emotion,12_20,pointy,0.5243446666666667
ViT Small,4.531746063375872,emotion,12_20,streaky,0.5525096666666667
ViT Small,4.531746063375872,emotion,6_15,pointy,0.5346994166666666
ViT Small,4.531746063375872,emotion,6_15,streaky,0.55134525
ConvNeXt Base,10.271244873008271,shape,12_10,pointy,0.6684703668478261
ConvNeXt Base,10.271244873008271,shape,12_10,streaky,0.7144149793103448
ConvNeXt Base,10.271244873008271,shape,12_20,pointy,0.8449388403819919
ConvNeXt Base,10.271244873008271,shape,12_20,streaky,0.77448045392022
ConvNeXt Base,10.271244873008271,shape,6_10,pointy,0.5471694931506849
ConvNeXt Base,10.271244873008271,shape,6_10,streaky,0.5177941374663073
ConvNeXt Base,10.271244873008271,shape,6_15,pointy,0.6962655722070844
ConvNeXt Base,10.271244873008271,shape,6_15,streaky,0.6112004918032786
ConvNeXt Base,10.271244873008271,shape,6_20,pointy,0.7397225890410959
ConvNeXt Base,10.271244873008271,shape,6_20,streaky,0.6817000139082058
ConvNeXt Base,10.271244873008271,shape,9_10,pointy,0.7126489726027397
ConvNeXt Base,10.271244873008271,shape,9_10,streaky,0.6061724209078405
ConvNeXt Large,10.018903814635653,shape,12_10,pointy,0.6619051358695652
ConvNeXt Large,10.018903814635653,shape,12_10,streaky,0.6830794068965518
ConvNeXt Large,10.018903814635653,shape,12_20,pointy,0.8607754570259208
ConvNeXt Large,10.018903814635653,shape,12_20,streaky,0.7729289958734525
ConvNeXt Large,10.018903814635653,shape,6_10,pointy,0.5370099589041095
ConvNeXt Large,10.018903814635653,shape,6_10,streaky,0.5246748652291106
ConvNeXt Large,10.018903814635653,shape,6_15,pointy,0.7142942234332426
ConvNeXt Large,10.018903814635653,shape,6_15,streaky,0.6125765710382514
ConvNeXt Large,10.018903814635653,shape,6_20,pointy,0.7093932465753424
ConvNeXt Large,10.018903814635653,shape,6_20,streaky,0.7024901390820584
ConvNeXt Large,10.018903814635653,shape,9_10,pointy,0.7106741917808218
ConvNeXt Large,10.018903814635653,shape,9_10,streaky,0.6483179917469051
ConvNeXt Small,8.60468694166717,shape,12_10,pointy,0.6327360461956523
ConvNeXt Small,8.60468694166717,shape,12_10,streaky,0.7326509103448277
ConvNeXt Small,8.60468694166717,shape,12_20,pointy,0.7429398090040927
ConvNeXt Small,8.60468694166717,shape,12_20,streaky,0.7356520495185694
ConvNeXt Small,8.60468694166717,shape,6_10,pointy,0.5907519863013698
ConvNeXt Small,8.60468694166717,shape,6_10,streaky,0.5517687466307277
ConvNeXt Small,8.60468694166717,shape,6_15,pointy,0.7082928746594006
ConvNeXt Small,8.60468694166717,shape,6_15,streaky,0.6359201092896176
ConvNeXt Small,8.60468694166717,shape,6_20,pointy,0.7445607123287671
ConvNeXt Small,8.60468694166717,shape,6_20,streaky,0.7157649095966621
ConvNeXt Small,8.60468694166717,shape,9_10,pointy,0.6905095753424658
ConvNeXt Small,8.60468694166717,shape,9_10,streaky,0.6858004814305364
ConvNeXt Tiny,8.144786345354168,shape,12_10,pointy,0.6346811005434783
ConvNeXt Tiny,8.144786345354168,shape,12_10,streaky,0.7454465931034482
ConvNeXt Tiny,8.144786345354168,shape,12_20,pointy,0.7981724010914051
ConvNeXt Tiny,8.144786345354168,shape,12_20,streaky,0.7552918569463549
ConvNeXt Tiny,8.144786345354168,shape,6_10,pointy,0.580921410958904
ConvNeXt Tiny,8.144786345354168,shape,6_10,streaky,0.5799306738544475
ConvNeXt Tiny,8.144786345354168,shape,6_15,pointy,0.6973005177111716
ConvNeXt Tiny,8.144786345354168,shape,6_15,streaky,0.6323342213114753
ConvNeXt Tiny,8.144786345354168,shape,6_20,pointy,0.7262933424657535
ConvNeXt Tiny,8.144786345354168,shape,6_20,streaky,0.6864552155771906
ConvNeXt Tiny,8.144786345354168,shape,9_10,pointy,0.6364329041095892
ConvNeXt Tiny,8.144786345354168,shape,9_10,streaky,0.6670686107290233
DINOv3 ViT Base,6.5730407177714545,shape,12_10,pointy,0.6044202717391305
DINOv3 ViT Base,6.5730407177714545,shape,12_10,streaky,0.6784782206896552
DINOv3 ViT Base,6.5730407177714545,shape,12_20,pointy,0.9986121691678035
DINOv3 ViT Base,6.5730407177714545,shape,12_20,streaky,0.9740606464924347
DINOv3 ViT Base,6.5730407177714545,shape,6_10,pointy,0.4336418493150685
DINOv3 ViT Base,6.5730407177714545,shape,6_10,streaky,0.5224099460916442
DINOv3 ViT Base,6.5730407177714545,shape,6_15,pointy,0.5898053133514986
DINOv3 ViT Base,6.5730407177714545,shape,6_15,streaky,0.7527913251366121
DINOv3 ViT Base,6.5730407177714545,shape,6_20,pointy,0.6076287260273973
DINOv3 ViT Base,6.5730407177714545,shape,6_20,streaky,0.865213421418637
DINOv3 ViT Base,6.5730407177714545,shape,9_10,pointy,0.45100761643835624
DINOv3 ViT Base,6.5730407177714545,shape,9_10,streaky,0.5791275240715268
ResNet18,0.005320180123926295,shape,12_10,pointy,0.5772218342391304
ResNet18,0.005320180123926295,shape,12_10,streaky,0.5940361655172415
ResNet18,0.005320180123926295,shape,12_20,pointy,0.6880997407912688
ResNet18,0.005320180123926295,shape,12_20,streaky,0.6326916231086657
ResNet18,0.005320180123926295,shape,6_10,pointy,0.4695298767123289
ResNet18,0.005320180123926295,shape,6_10,streaky,0.4616547574123989
ResNet18,0.005320180123926295,shape,6_15,pointy,0.5750423569482289
ResNet18,0.005320180123926295,shape,6_15,streaky,0.5426245491803279
ResNet18,0.005320180123926295,shape,6_20,pointy,0.6264115205479452
ResNet18,0.005320180123926295,shape,6_20,streaky,0.5466402364394993
ResNet18,0.005320180123926295,shape,9_10,pointy,0.5538637123287671
ResNet18,0.005320180123926295,shape,9_10,streaky,0.5733058596973866
ResNet50,0.007640036157558438,shape,12_10,pointy,0.5055756929347827
ResNet50,0.007640036157558438,shape,12_10,streaky,0.4888123862068965
ResNet50,0.007640036157558438,shape,12_20,pointy,0.5895385266030013
ResNet50,0.007640036157558438,shape,12_20,streaky,0.5525207152682257
ResNet50,0.007640036157558438,shape,6_10,pointy,0.4307215753424657
ResNet50,0.007640036157558438,shape,6_10,streaky,0.4112958490566038
ResNet50,0.007640036157558438,shape,6_15,pointy,0.4960583651226158
ResNet50,0.007640036157558438,shape,6_15,streaky,0.475205368852459
ResNet50,0.007640036157558438,shape,6_20,pointy,0.5176963698630137
ResNet50,0.007640036157558438,shape,6_20,streaky,0.497972197496523
ResNet50,0.007640036157558438,shape,9_10,pointy,0.5046571506849316
ResNet50,0.007640036157558438,shape,9_10,streaky,0.45897755158184317
VGG11,1.472823246124505,shape,12_10,pointy,0.6611082880434783
VGG11,1.472823246124505,shape,12_10,streaky,0.6784018344827585
VGG11,1.472823246124505,shape,12_20,pointy,0.7948434788540245
VGG11,1.472823246124505,shape,12_20,streaky,0.7842302888583219
VGG11,1.472823246124505,shape,6_10,pointy,0.6109290273972603
VGG11,1.472823246124505,shape,6_10,streaky,0.6138031132075472
VGG11,1.472823246124505,shape,6_15,pointy,0.6926057493188011
VGG11,1.472823246124505,shape,6_15,streaky,0.6632037431693989
VGG11,1.472823246124505,shape,6_20,pointy,0.6874599726027397
VGG11,1.472823246124505,shape,6_20,streaky,0.6996308066759388
VGG11,1.472823246124505,shape,9_10,pointy,0.639017095890411
VGG11,1.472823246124505,shape,9_10,streaky,0.6517775653370014
VGG13,1.664572314749248,shape,12_10,pointy,0.6830674999999999
VGG13,1.664572314749248,shape,12_10,streaky,0.6969857103448277
VGG13,1.664572314749248,shape,12_20,pointy,0.7895720600272851
VGG13,1.664572314749248,shape,12_20,streaky,0.7721696423658873
VGG13,1.664572314749248,shape,6_10,pointy,0.5809576164383562
VGG13,1.664572314749248,shape,6_10,streaky,0.6070764690026954
VGG13,1.664572314749248,shape,6_15,pointy,0.6761777247956403
VGG13,1.664572314749248,shape,6_15,streaky,0.6601404918032786
VGG13,1.664572314749248,shape,6_20,pointy,0.7107461780821919
VGG13,1.664572314749248,shape,6_20,streaky,0.6899784005563283
VGG13,1.664572314749248,shape,9_10,pointy,0.6487929726027397
VGG13,1.664572314749248,shape,9_10,streaky,0.6729441127922972
VGG16,0.9503772453244863,shape,12_10,pointy,0.7044096195652174
VGG16,0.9503772453244863,shape,12_10,streaky,0.6699530896551724
VGG16,0.9503772453244863,shape,12_20,pointy,0.7898659345156889
VGG16,0.9503772453244863,shape,12_20,streaky,0.731301568088033
VGG16,0.9503772453244863,shape,6_10,pointy,0.5997006849315069
VGG16,0.9503772453244863,shape,6_10,streaky,0.6063241509433963
VGG16,0.9503772453244863,shape,6_15,pointy,0.6952308174386921
VGG16,0.9503772453244863,shape,6_15,streaky,0.6687214890710382
VGG16,0.9503772453244863,shape,6_20,pointy,0.7091125342465753
VGG16,0.9503772453244863,shape,6_20,streaky,0.6846626842837275
VGG16,0.9503772453244863,shape,9_10,pointy,0.662282205479452
VGG16,0.9503772453244863,shape,9_10,streaky,0.653617909215956
VGG19,0.8048322501798796,shape,12_10,pointy,0.6818898097826087
VGG19,0.8048322501798796,shape,12_10,streaky,0.6782028551724137
VGG19,0.8048322501798796,shape,12_20,pointy,0.7624736698499318
VGG19,0.8048322501798796,shape,12_20,streaky,0.7533181155433286
VGG19,0.8048322501798796,shape,6_10,pointy,0.5885664109589042
VGG19,0.8048322501798796,shape,6_10,streaky,0.6186342991913747
VGG19,0.8048322501798796,shape,6_15,pointy,0.6741387602179837
VGG19,0.8048322501798796,shape,6_15,streaky,0.6736887978142077
VGG19,0.8048322501798796,shape,6_20,pointy,0.7300895616438356
VGG19,0.8048322501798796,shape,6_20,streaky,0.6908551877607788
VGG19,0.8048322501798796,shape,9_10,pointy,0.6581627808219178
VGG19,0.8048322501798796,shape,9_10,streaky,0.669459766162311
ViT Base,6.723692599359663,shape,12_10,pointy,0.7026167527173913
ViT Base,6.723692599359663,shape,12_10,streaky,0.7216239862068966
ViT Base,6.723692599359663,shape,12_20,pointy,0.755451377899045
ViT Base,6.723692599359663,shape,12_20,streaky,0.7370676891334249
ViT Base,6.723692599359663,shape,6_10,pointy,0.568339301369863
ViT Base,6.723692599359663,shape,6_10,streaky,0.5957264824797843
ViT Base,6.723692599359663,shape,6_15,pointy,0.713255940054496
ViT Base,6.723692599359663,shape,6_15,streaky,0.6204294945355191
ViT Base,6.723692599359663,shape,6_20,pointy,0.6975189863013698
ViT Base,6.723692599359663,shape,6_20,streaky,0.6845059527121001
ViT Base,6.723692599359663,shape,9_10,pointy,0.6966439863013699
ViT Base,6.723692599359663,shape,9_10,streaky,0.6682911829436039
ViT Large,6.052790582174828,shape,12_10,pointy,0.679664375
ViT Large,6.052790582174828,shape,12_10,streaky,0.7134950068965518
ViT Large,6.052790582174828,shape,12_20,pointy,0.7248065075034107
ViT Large,6.052790582174828,shape,12_20,streaky,0.76889984869326
ViT Large,6.052790582174828,shape,6_10,pointy,0.6277552602739727
ViT Large,6.052790582174828,shape,6_10,streaky,0.6060680862533692
ViT Large,6.052790582174828,shape,6_15,pointy,0.6924082016348774
ViT Large,6.052790582174828,shape,6_15,streaky,0.6543013114754099
ViT Large,6.052790582174828,shape,6_20,pointy,0.7269629315068492
ViT Large,6.052790582174828,shape,6_20,streaky,0.6740870792767734
ViT Large,6.052790582174828,shape,9_10,pointy,0.6355715205479451
ViT Large,6.052790582174828,shape,9_10,streaky,0.649328431911967
ViT Small,7.0254507433454165,shape,12_10,pointy,0.6753514809782608
ViT Small,7.0254507433454165,shape,12_10,streaky,0.6967833793103447
ViT Small,7.0254507433454165,shape,12_20,pointy,0.8381535607094133
ViT Small,7.0254507433454165,shape,12_20,streaky,0.7959042503438789
ViT Small,7.0254507433454165,shape,6_10,pointy,0.5675015205479451
ViT Small,7.0254507433454165,shape,6_10,streaky,0.5588174528301887
ViT Small,7.0254507433454165,shape,6_15,pointy,0.6930461580381471
ViT Small,7.0254507433454165,shape,6_15,streaky,0.6079553005464481
ViT Small,7.0254507433454165,shape,6_20,pointy,0.7260363561643836
ViT Small,7.0254507433454165,shape,6_20,streaky,0.6685684979137692
ViT Small,7.0254507433454165,shape,9_10,pointy,0.6598781506849315
ViT Small,7.0254507433454165,shape,9_10,streaky,0.6652180742778542
